person_id,full_name,email,company_id,state,company_name,domain
1,Zachary Evans,zachary.evans@example.com,39,MP,Coffey-Rodriguez,coffey-rodriguez.com
2,Evelyn Anderson,evelyn.anderson@example.com,33,TX,Johnson LLC,johnsonllc.com
3,Crystal Thompson,crystal.thompson@example.com,15,MI,Brown-Jones,brown-jones.com
4,Heather Cole,heather.cole@example.com,18,TN,Murray and Sons,murrayandsons.com
5,Julia Johnson,julia.johnson@example.com,38,MH,Proctor and Sons,proctorandsons.com
6,Debra Martinez,debra.martinez@example.com,4,MP,"Whitney, Ward and Hamilton",whitneywardandhamilton.com
7,Laura Fischer,laura.fischer@example.com,35,MI,James Ltd,jamesltd.com
8,Robert Rose,robert.rose@example.com,21,PW,Wilson LLC,wilsonllc.com
9,Timothy Black,timothy.black@example.com,14,MT,"Johnson, Foster and Bailey",johnsonfosterandbailey.com
10,Jeffrey Duncan,jeffrey.duncan@example.com,5,AZ,Walker PLC,walkerplc.com
11,Rodney Jennings,rodney.jennings@example.com,44,CA,Rodgers-Simpson,rodgers-simpson.com
12,Lisa Brown,lisa.brown@example.com,28,NM,Reynolds and Sons,reynoldsandsons.com
13,Brian Pham,brian.pham@example.com,9,KS,Francis Group,francisgroup.com
14,Eric Mcintyre,eric.mcintyre@example.com,21,MO,Wilson LLC,wilsonllc.com
15,Gerald Williams,gerald.williams@example.com,34,AK,Carpenter PLC,carpenterplc.com
16,Michelle Bailey,michelle.bailey@example.com,29,NE,Green-Bowman,green-bowman.com
17,Laura Walter,laura.walter@example.com,38,WV,Proctor and Sons,proctorandsons.com
18,Marcus Hill,marcus.hill@example.com,15,TN,Brown-Jones,brown-jones.com
19,Shannon Lawrence,shannon.lawrence@example.com,48,MN,Shaw Group,shawgroup.com
20,Christina George,christina.george@example.com,6,GA,"Henry, Anderson and Roberts",henryandersonandroberts.com
21,Norma White,norma.white@example.com,40,NH,"Kennedy, Lester and Brown",kennedylesterandbrown.com
22,Tara Moreno,tara.moreno@example.com,21,TN,Wilson LLC,wilsonllc.com
23,Kathleen Harrison,kathleen.harrison@example.com,41,NH,Perez-Newton,perez-newton.com
24,Christopher Patrick,christopher.patrick@example.com,16,UT,Chan and Sons,chanandsons.com
25,Jessica Bowen,jessica.bowen@example.com,27,SD,Sanchez-Green,sanchez-green.com
26,Logan Jackson,logan.jackson@example.com,4,VI,"Whitney, Ward and Hamilton",whitneywardandhamilton.com
27,Jay Weaver,jay.weaver@example.com,25,MH,Weiss and Sons,weissandsons.com
28,Alvin Miller,alvin.miller@example.com,26,IL,Mitchell-Wade,mitchell-wade.com
29,Richard Wilkins,richard.wilkins@example.com,12,AL,Stanley Group,stanleygroup.com
30,Allen Lewis,allen.lewis@example.com,2,VT,"Torres, Smith and Stephenson",torressmithandstephenson.com
31,Jason Garcia,jason.garcia@example.com,26,IL,Mitchell-Wade,mitchell-wade.com
32,Matthew Floyd,matthew.floyd@example.com,33,TN,Johnson LLC,johnsonllc.com
33,Ernest Lloyd,ernest.lloyd@example.com,26,MT,Mitchell-Wade,mitchell-wade.com
34,John Jones,john.jones@example.com,9,IN,Francis Group,francisgroup.com
35,Kayla Villa,kayla.villa@example.com,48,MS,Shaw Group,shawgroup.com
36,Dawn Grant,dawn.grant@example.com,31,NC,Clements-Gonzalez,clements-gonzalez.com
37,Robert Pope,robert.pope@example.com,43,ID,"Wade, Mitchell and Fitzgerald",wademitchellandfitzgerald.com
38,Janet Lucero,janet.lucero@example.com,19,MP,"Jordan, Oconnell and King",jordanoconnellandking.com
39,Nicholas Krueger,nicholas.krueger@example.com,36,IN,Olsen-Mcguire,olsen-mcguire.com
40,Thomas Larson,thomas.larson@example.com,4,SC,"Whitney, Ward and Hamilton",whitneywardandhamilton.com
41,Daniel Morse,daniel.morse@example.com,35,IL,James Ltd,jamesltd.com
42,Holly Allen,holly.allen@example.com,10,GU,"Dudley, Bell and Hayes",dudleybellandhayes.com
43,Shawn Benjamin,shawn.benjamin@example.com,38,AL,Proctor and Sons,proctorandsons.com
44,Bonnie Horne,bonnie.horne@example.com,28,TX,Reynolds and Sons,reynoldsandsons.com
45,Charlotte Walker,charlotte.walker@example.com,9,AS,Francis Group,francisgroup.com
46,Glenda Mcdonald,glenda.mcdonald@example.com,31,AS,Clements-Gonzalez,clements-gonzalez.com
47,Brandon Nelson,brandon.nelson@example.com,44,FL,Rodgers-Simpson,rodgers-simpson.com
48,Ryan Butler,ryan.butler@example.com,13,UT,Hudson-Nelson,hudson-nelson.com
49,Teresa Thompson,teresa.thompson@example.com,44,UT,Rodgers-Simpson,rodgers-simpson.com
50,Jeffery Combs,jeffery.combs@example.com,11,WI,Lindsey-White,lindsey-white.com
51,Joshua Mason,joshua.mason@example.com,35,CA,James Ltd,jamesltd.com
52,Daniel Collins,daniel.collins@example.com,19,MP,"Jordan, Oconnell and King",jordanoconnellandking.com
53,Nathaniel Howard,nathaniel.howard@example.com,9,IL,Francis Group,francisgroup.com
54,Beth Taylor,beth.taylor@example.com,19,NE,"Jordan, Oconnell and King",jordanoconnellandking.com
55,Linda Jones,linda.jones@example.com,22,OR,Nelson Inc,nelsoninc.com
56,Daniel Parker,daniel.parker@example.com,23,KY,Cook-Lopez,cook-lopez.com
57,Jonathan Lopez,jonathan.lopez@example.com,8,NJ,"Harvey, Bartlett and Thompson",harveybartlettandthompson.com
58,Lorraine Miller,lorraine.miller@example.com,40,RI,"Kennedy, Lester and Brown",kennedylesterandbrown.com
59,Benjamin Harris,benjamin.harris@example.com,39,NV,Coffey-Rodriguez,coffey-rodriguez.com
60,Dakota Davis,dakota.davis@example.com,43,NJ,"Wade, Mitchell and Fitzgerald",wademitchellandfitzgerald.com
61,Brian Bruce,brian.bruce@example.com,2,MT,"Torres, Smith and Stephenson",torressmithandstephenson.com
62,Tony Mcfarland,tony.mcfarland@example.com,39,MH,Coffey-Rodriguez,coffey-rodriguez.com
63,Rebecca Lambert,rebecca.lambert@example.com,40,AL,"Kennedy, Lester and Brown",kennedylesterandbrown.com
64,Anna Petersen,anna.petersen@example.com,17,NY,Baker-Taylor,baker-taylor.com
65,Emily Macias,emily.macias@example.com,17,DE,Baker-Taylor,baker-taylor.com
66,Teresa Anderson,teresa.anderson@example.com,25,WY,Weiss and Sons,weissandsons.com
67,Pamela Banks,pamela.banks@example.com,5,AZ,Walker PLC,walkerplc.com
68,Monica Cox,monica.cox@example.com,48,NH,Shaw Group,shawgroup.com
69,Mary Frank,mary.frank@example.com,30,IN,Mayer Group,mayergroup.com
70,Alexandra Hardin,alexandra.hardin@example.com,26,AS,Mitchell-Wade,mitchell-wade.com
71,Ronald Hall,ronald.hall@example.com,29,CA,Green-Bowman,green-bowman.com
72,James Gonzalez,james.gonzalez@example.com,1,VI,Guerrero-Perkins,guerrero-perkins.com
73,Tyler Aguilar,tyler.aguilar@example.com,24,AS,"Jones, Barber and Martinez",jonesbarberandmartinez.com
74,Randy Shea,randy.shea@example.com,28,NV,Reynolds and Sons,reynoldsandsons.com
75,Nicholas Swanson,nicholas.swanson@example.com,38,ND,Proctor and Sons,proctorandsons.com
76,David Boyd,david.boyd@example.com,15,PA,Brown-Jones,brown-jones.com
77,Kelly Sweeney,kelly.sweeney@example.com,30,MN,Mayer Group,mayergroup.com
78,Michael Moore,michael.moore@example.com,19,FL,"Jordan, Oconnell and King",jordanoconnellandking.com
79,Arthur Jimenez,arthur.jimenez@example.com,10,SC,"Dudley, Bell and Hayes",dudleybellandhayes.com
80,Jonathan Dominguez,jonathan.dominguez@example.com,43,MI,"Wade, Mitchell and Fitzgerald",wademitchellandfitzgerald.com
81,Lisa Tran,lisa.tran@example.com,45,NH,Acosta Ltd,acostaltd.com
82,Roger Gutierrez,roger.gutierrez@example.com,25,VT,Weiss and Sons,weissandsons.com
83,Kimberly Byrd,kimberly.byrd@example.com,6,LA,"Henry, Anderson and Roberts",henryandersonandroberts.com
84,Regina Middleton,regina.middleton@example.com,3,ID,Anderson-Smith,anderson-smith.com
85,Jennifer Nicholson,jennifer.nicholson@example.com,7,MN,Johnson-Johnson,johnson-johnson.com
86,Pamela Flores,pamela.flores@example.com,6,AR,"Henry, Anderson and Roberts",henryandersonandroberts.com
87,Gary Santos,gary.santos@example.com,20,VT,"Whitney, Garza and Oliver",whitneygarzaandoliver.com
88,James Williams,james.williams@example.com,26,OR,Mitchell-Wade,mitchell-wade.com
89,Joseph Parrish,joseph.parrish@example.com,22,WY,Nelson Inc,nelsoninc.com
90,Johnny Ruiz,johnny.ruiz@example.com,17,ND,Baker-Taylor,baker-taylor.com
91,James King,james.king@example.com,39,AK,Coffey-Rodriguez,coffey-rodriguez.com
92,Sydney Lee,sydney.lee@example.com,15,UT,Brown-Jones,brown-jones.com
93,Justin Crawford,justin.crawford@example.com,47,MS,Coleman-Keller,coleman-keller.com
94,Nicole Sullivan,nicole.sullivan@example.com,32,ID,"Herman, Flores and Torres",hermanfloresandtorres.com
95,Michael Edwards,michael.edwards@example.com,24,ND,"Jones, Barber and Martinez",jonesbarberandmartinez.com
96,Crystal Moore,crystal.moore@example.com,35,OK,James Ltd,jamesltd.com
97,Elizabeth Smith,elizabeth.smith@example.com,29,MT,Green-Bowman,green-bowman.com
98,James Smith,james.smith@example.com,48,KY,Shaw Group,shawgroup.com
99,Jonathan Hernandez,jonathan.hernandez@example.com,1,PR,Guerrero-Perkins,guerrero-perkins.com
100,Carolyn Hernandez,carolyn.hernandez@example.com,46,MO,Stewart Inc,stewartinc.com
101,Andrea Dudley,andrea.dudley@example.com,22,WA,Nelson Inc,nelsoninc.com
102,Alyssa Vasquez,alyssa.vasquez@example.com,38,ME,Proctor and Sons,proctorandsons.com
103,Steven Gordon,steven.gordon@example.com,23,NV,Cook-Lopez,cook-lopez.com
104,Brian Smith,brian.smith@example.com,39,NE,Coffey-Rodriguez,coffey-rodriguez.com
105,Patricia Fuentes,patricia.fuentes@example.com,9,MT,Francis Group,francisgroup.com
106,Ariana Cox,ariana.cox@example.com,14,HI,"Johnson, Foster and Bailey",johnsonfosterandbailey.com
107,Kevin Evans,kevin.evans@example.com,12,MH,Stanley Group,stanleygroup.com
108,Daniel Williams,daniel.williams@example.com,32,NH,"Herman, Flores and Torres",hermanfloresandtorres.com
109,Jacob Green,jacob.green@example.com,21,FM,Wilson LLC,wilsonllc.com
110,Joshua Mcclure,joshua.mcclure@example.com,30,FM,Mayer Group,mayergroup.com
111,Kevin Hall,kevin.hall@example.com,24,AS,"Jones, Barber and Martinez",jonesbarberandmartinez.com
112,Lisa Butler,lisa.butler@example.com,11,TX,Lindsey-White,lindsey-white.com
113,Susan Miller,susan.miller@example.com,17,RI,Baker-Taylor,baker-taylor.com
114,Michael Sanders,michael.sanders@example.com,42,VI,"Porter, Green and Walker",portergreenandwalker.com
115,Sara Bradley,sara.bradley@example.com,39,FM,Coffey-Rodriguez,coffey-rodriguez.com
116,Jessica Ryan,jessica.ryan@example.com,30,WA,Mayer Group,mayergroup.com
117,Deanna Smith,deanna.smith@example.com,30,NJ,Mayer Group,mayergroup.com
118,Nicholas Hahn,nicholas.hahn@example.com,2,GA,"Torres, Smith and Stephenson",torressmithandstephenson.com
119,Kathy Wilson,kathy.wilson@example.com,32,KY,"Herman, Flores and Torres",hermanfloresandtorres.com
120,William Smith,william.smith@example.com,9,OK,Francis Group,francisgroup.com
121,Jennifer Hernandez,jennifer.hernandez@example.com,17,NC,Baker-Taylor,baker-taylor.com
122,Roger Cox,roger.cox@example.com,41,OK,Perez-Newton,perez-newton.com
123,Julie Schroeder,julie.schroeder@example.com,33,AL,Johnson LLC,johnsonllc.com
124,Bryan Cole,bryan.cole@example.com,37,SC,"Walker, Garcia and Garcia",walkergarciaandgarcia.com
125,Rachel Le,rachel.le@example.com,31,MP,Clements-Gonzalez,clements-gonzalez.com
126,Joshua Shaw,joshua.shaw@example.com,23,CT,Cook-Lopez,cook-lopez.com
127,Brian Cole,brian.cole@example.com,50,DE,Lynch-Mullen,lynch-mullen.com
128,Christopher Washington,christopher.washington@example.com,25,TX,Weiss and Sons,weissandsons.com
129,Cheryl Lindsey,cheryl.lindsey@example.com,14,HI,"Johnson, Foster and Bailey",johnsonfosterandbailey.com
130,Hannah Poole,hannah.poole@example.com,22,VI,Nelson Inc,nelsoninc.com
131,Veronica Tucker,veronica.tucker@example.com,32,SC,"Herman, Flores and Torres",hermanfloresandtorres.com
132,Fernando Edwards,fernando.edwards@example.com,20,MS,"Whitney, Garza and Oliver",whitneygarzaandoliver.com
133,Alex Santiago,alex.santiago@example.com,49,AL,Harris Group,harrisgroup.com
134,Jonathan Nixon,jonathan.nixon@example.com,32,MO,"Herman, Flores and Torres",hermanfloresandtorres.com
135,Erica Johnson,erica.johnson@example.com,49,HI,Harris Group,harrisgroup.com
136,Debra Walsh,debra.walsh@example.com,28,AS,Reynolds and Sons,reynoldsandsons.com
137,Mackenzie Johnson,mackenzie.johnson@example.com,27,MS,Sanchez-Green,sanchez-green.com
138,Matthew Fox,matthew.fox@example.com,48,MS,Shaw Group,shawgroup.com
139,Scott Reed,scott.reed@example.com,13,OR,Hudson-Nelson,hudson-nelson.com
140,Andrew Reynolds,andrew.reynolds@example.com,48,TN,Shaw Group,shawgroup.com
141,Christopher Sweeney,christopher.sweeney@example.com,23,ME,Cook-Lopez,cook-lopez.com
142,Wayne Melton,wayne.melton@example.com,50,SD,Lynch-Mullen,lynch-mullen.com
143,Justin Ryan,justin.ryan@example.com,41,VA,Perez-Newton,perez-newton.com
144,Kayla Johnson,kayla.johnson@example.com,45,FM,Acosta Ltd,acostaltd.com
145,Terry Mann,terry.mann@example.com,48,MN,Shaw Group,shawgroup.com
146,Bryan Brown,bryan.brown@example.com,7,VT,Johnson-Johnson,johnson-johnson.com
147,Selena Barnes,selena.barnes@example.com,9,OR,Francis Group,francisgroup.com
148,Jasmine Palmer,jasmine.palmer@example.com,12,NM,Stanley Group,stanleygroup.com
149,Jose Williams,jose.williams@example.com,25,AR,Weiss and Sons,weissandsons.com
150,Lindsey Shelton,lindsey.shelton@example.com,7,FM,Johnson-Johnson,johnson-johnson.com
151,Sophia Kim,sophia.kim@example.com,26,OR,Mitchell-Wade,mitchell-wade.com
152,Dana Sanchez,dana.sanchez@example.com,20,PA,"Whitney, Garza and Oliver",whitneygarzaandoliver.com
153,Kayla Lopez,kayla.lopez@example.com,47,MT,Coleman-Keller,coleman-keller.com
154,Tammy Mccall,tammy.mccall@example.com,38,NE,Proctor and Sons,proctorandsons.com
155,Eric Jenkins,eric.jenkins@example.com,14,VI,"Johnson, Foster and Bailey",johnsonfosterandbailey.com
156,Randy Mcfarland,randy.mcfarland@example.com,3,NM,Anderson-Smith,anderson-smith.com
157,Michael Washington,michael.washington@example.com,42,KY,"Porter, Green and Walker",portergreenandwalker.com
158,Richard Potter,richard.potter@example.com,47,MI,Coleman-Keller,coleman-keller.com
159,Melissa Reynolds,melissa.reynolds@example.com,11,NJ,Lindsey-White,lindsey-white.com
160,Timothy Lowery,timothy.lowery@example.com,23,OH,Cook-Lopez,cook-lopez.com
161,Christine Cox,christine.cox@example.com,20,FM,"Whitney, Garza and Oliver",whitneygarzaandoliver.com
162,Christopher Marsh,christopher.marsh@example.com,33,AZ,Johnson LLC,johnsonllc.com
163,Vincent Turner,vincent.turner@example.com,29,CA,Green-Bowman,green-bowman.com
164,David Little,david.little@example.com,31,LA,Clements-Gonzalez,clements-gonzalez.com
165,Mercedes Aguirre,mercedes.aguirre@example.com,34,AL,Carpenter PLC,carpenterplc.com
166,Brett Powers,brett.powers@example.com,12,LA,Stanley Group,stanleygroup.com
167,Rhonda Rogers,rhonda.rogers@example.com,1,SD,Guerrero-Perkins,guerrero-perkins.com
168,Samantha Green,samantha.green@example.com,48,NJ,Shaw Group,shawgroup.com
169,Ashley Fields,ashley.fields@example.com,29,SC,Green-Bowman,green-bowman.com
170,Cristina Miller,cristina.miller@example.com,24,IN,"Jones, Barber and Martinez",jonesbarberandmartinez.com
171,Sandra Yates,sandra.yates@example.com,36,AZ,Olsen-Mcguire,olsen-mcguire.com
172,Kimberly Dalton,kimberly.dalton@example.com,38,WV,Proctor and Sons,proctorandsons.com
173,Dana Morris,dana.morris@example.com,14,NM,"Johnson, Foster and Bailey",johnsonfosterandbailey.com
174,Kristen Rogers,kristen.rogers@example.com,3,NH,Anderson-Smith,anderson-smith.com
175,Catherine Fletcher,catherine.fletcher@example.com,34,NH,Carpenter PLC,carpenterplc.com
176,Paul Moore,paul.moore@example.com,24,OK,"Jones, Barber and Martinez",jonesbarberandmartinez.com
177,Eugene Stevens,eugene.stevens@example.com,10,FL,"Dudley, Bell and Hayes",dudleybellandhayes.com
178,Sara Mcdowell,sara.mcdowell@example.com,50,GA,Lynch-Mullen,lynch-mullen.com
179,Jon George,jon.george@example.com,39,GU,Coffey-Rodriguez,coffey-rodriguez.com
180,Melanie Marshall,melanie.marshall@example.com,44,OR,Rodgers-Simpson,rodgers-simpson.com
181,Jennifer Frye,jennifer.frye@example.com,1,CA,Guerrero-Perkins,guerrero-perkins.com
182,Teresa Mcneil,teresa.mcneil@example.com,28,MS,Reynolds and Sons,reynoldsandsons.com
183,Eric Cohen,eric.cohen@example.com,7,NH,Johnson-Johnson,johnson-johnson.com
184,Tom Howell,tom.howell@example.com,6,MI,"Henry, Anderson and Roberts",henryandersonandroberts.com
185,Connor Saunders,connor.saunders@example.com,43,ID,"Wade, Mitchell and Fitzgerald",wademitchellandfitzgerald.com
186,Angela Harper,angela.harper@example.com,49,ID,Harris Group,harrisgroup.com
187,Robert Harrison,robert.harrison@example.com,21,MS,Wilson LLC,wilsonllc.com
188,Daniel Moore,daniel.moore@example.com,25,VT,Weiss and Sons,weissandsons.com
189,Kristin Branch,kristin.branch@example.com,30,ME,Mayer Group,mayergroup.com
190,Lawrence Jenkins,lawrence.jenkins@example.com,8,ND,"Harvey, Bartlett and Thompson",harveybartlettandthompson.com
191,Sierra Stanton,sierra.stanton@example.com,1,KY,Guerrero-Perkins,guerrero-perkins.com
192,Catherine Frazier,catherine.frazier@example.com,8,CT,"Harvey, Bartlett and Thompson",harveybartlettandthompson.com
193,Crystal Ochoa,crystal.ochoa@example.com,38,CA,Proctor and Sons,proctorandsons.com
194,Anna Schmidt,anna.schmidt@example.com,33,AR,Johnson LLC,johnsonllc.com
195,Crystal Thompson,crystal.thompson@example.com,19,DC,"Jordan, Oconnell and King",jordanoconnellandking.com
196,Michael Guerra,michael.guerra@example.com,7,WY,Johnson-Johnson,johnson-johnson.com
197,Gregory Aguilar,gregory.aguilar@example.com,35,NV,James Ltd,jamesltd.com
198,Breanna Ewing,breanna.ewing@example.com,34,PR,Carpenter PLC,carpenterplc.com
199,Courtney House,courtney.house@example.com,43,KY,"Wade, Mitchell and Fitzgerald",wademitchellandfitzgerald.com
200,Curtis Martin,curtis.martin@example.com,43,WY,"Wade, Mitchell and Fitzgerald",wademitchellandfitzgerald.com
